ACX;ACY;ACZ;RTX;RTY;RTZ;muestra;muestreo
0.98;0.85;10.51;0.01;-0.35;-0.13;29261;5
1.02;0.87;10.56;0.01;-0.42;-0.15;29262;6
1.11;0.91;10.57;0;-0.49;-0.16;29263;5
1.25;0.94;10.59;-0.01;-0.55;-0.18;29264;5
1.38;0.92;10.58;-0.03;-0.6;-0.2;29265;5
1.46;0.82;10.57;-0.04;-0.65;-0.23;29266;5
1.45;0.64;10.57;-0.06;-0.69;-0.25;29267;5
1.4;0.38;10.56;-0.07;-0.73;-0.27;29268;5
1.26;0.12;10.56;-0.09;-0.75;-0.29;29269;4
1.07;-0.3;10.6;-0.12;-0.79;-0.31;29270;6
0.88;-0.64;10.72;-0.16;-0.83;-0.33;29271;5
0.69;-0.91;10.87;-0.19;-0.87;-0.34;29272;5
0.54;-1.06;10.98;-0.21;-0.92;-0.37;29273;5
0.29;-1.03;11.03;-0.22;-0.97;-0.42;29274;5
0.31;-0.91;11;-0.23;-1.05;-0.51;29275;6
0.61;-0.78;10.93;-0.25;-1.09;-0.59;29276;5
0.93;-0.69;10.88;-0.28;-1.1;-0.64;29277;4
1.24;-0.59;10.85;-0.34;-1.05;-0.69;29278;5
1.68;-0.51;10.8;-0.45;-0.89;-0.72;29279;6
2.09;-0.41;10.76;-0.55;-0.72;-0.72;29280;5
2.58;-0.24;10.75;-0.68;-0.47;-0.7;29281;6
3;-0.15;10.75;-0.79;-0.23;-0.67;29282;5
3.14;-0.18;10.64;-0.9;0.01;-0.62;29283;5
3.21;-0.34;10.43;-1.01;0.21;-0.57;29284;5
3.21;-0.62;10.24;-1.11;0.35;-0.52;29285;5
3.19;-1;10.29;-1.17;0.47;-0.46;29286;5
2.96;-1.4;10.27;-1.19;0.55;-0.4;29287;5
2.71;-1.7;10.19;-1.19;0.55;-0.36;29288;5
2.44;-1.96;10.14;-1.17;0.51;-0.32;29289;5
2.14;-2.17;10.15;-1.14;0.46;-0.3;29290;6
1.8;-2.3;10.25;-1.11;0.41;-0.28;29291;7
1.56;-2.36;10.33;-1.1;0.37;-0.27;29292;5
1.33;-2.41;10.45;-1.11;0.34;-0.27;29293;6
1.16;-2.45;10.56;-1.13;0.31;-0.28;29294;5
1.02;-2.47;10.7;-1.15;0.29;-0.29;29295;4
0.83;-2.47;10.82;-1.17;0.25;-0.3;29296;5
0.62;-2.43;10.92;-1.19;0.16;-0.33;29297;6
0.5;-2.33;10.98;-1.19;0.06;-0.35;29298;5
0.44;-2.23;11.01;-1.19;-0.02;-0.37;29299;4
0.39;-2.03;11.06;-1.19;-0.11;-0.4;29300;6
0.36;-1.83;11.08;-1.19;-0.16;-0.42;29301;5
0.34;-1.62;11.04;-1.18;-0.21;-0.43;29302;5
0.36;-1.36;10.9;-1.17;-0.3;-0.45;29303;6
0.43;-1.18;10.75;-1.15;-0.39;-0.46;29304;5
0.59;-1;10.57;-1.11;-0.53;-0.48;29305;6
0.79;-0.88;10.46;-1.08;-0.65;-0.49;29306;5
1.06;-0.8;10.42;-1.05;-0.75;-0.51;29307;5
1.4;-0.75;10.45;-1.02;-0.82;-0.52;29308;5
1.8;-0.73;10.52;-0.99;-0.85;-0.54;29309;5
2.21;-0.76;10.59;-0.97;-0.83;-0.55;29310;5
2.57;-0.85;10.62;-0.94;-0.77;-0.55;29311;5
2.82;-0.97;10.62;-0.91;-0.67;-0.55;29312;5
2.94;-1.12;10.62;-0.88;-0.56;-0.54;29313;5
2.96;-1.29;10.63;-0.85;-0.46;-0.52;29314;5
2.91;-1.46;10.67;-0.83;-0.39;-0.52;29315;5
2.84;-1.66;10.74;-0.8;-0.34;-0.52;29316;5
2.75;-1.89;10.85;-0.78;-0.32;-0.52;29317;6
2.69;-2.11;10.94;-0.76;-0.33;-0.54;29318;5
2.64;-2.33;11.02;-0.75;-0.35;-0.56;29319;5
2.61;-2.6;11.07;-0.72;-0.4;-0.6;29320;6
2.59;-2.84;11.08;-0.7;-0.48;-0.65;29321;6
2.62;-3.03;11.08;-0.67;-0.56;-0.7;29322;5
2.66;-3.19;11.08;-0.65;-0.64;-0.76;29323;5
2.69;-3.32;11.08;-0.62;-0.71;-0.83;29324;5
2.7;-3.4;11.06;-0.6;-0.77;-0.9;29325;5
2.68;-3.44;10.99;-0.59;-0.84;-0.98;29326;5
2.68;-3.43;10.92;-0.58;-0.89;-1.06;29327;5
2.69;-3.36;10.85;-0.57;-0.95;-1.13;29328;5
2.79;-3.23;10.82;-0.57;-0.98;-1.21;29329;6
2.93;-3.07;10.86;-0.59;-0.97;-1.27;29330;5
3.05;-2.88;10.92;-0.62;-0.91;-1.33;29331;5
3.1;-2.66;10.95;-0.65;-0.82;-1.38;29332;5
3.09;-2.45;10.92;-0.7;-0.71;-1.43;29333;5
2.99;-2.26;10.86;-0.75;-0.62;-1.47;29334;5
2.83;-2.11;10.76;-0.79;-0.55;-1.5;29335;5
2.65;-2;10.66;-0.84;-0.51;-1.52;29336;5
2.48;-1.96;10.56;-0.87;-0.5;-1.53;29337;5
2.34;-1.96;10.49;-0.9;-0.49;-1.52;29338;5
2.26;-2;10.43;-0.92;-0.49;-1.51;29339;4
2.17;-2.07;10.35;-0.93;-0.49;-1.48;29340;5
2.09;-2.16;10.25;-0.93;-0.49;-1.45;29341;5
2.02;-2.27;10.13;-0.92;-0.5;-1.4;29342;5
1.97;-2.38;9.99;-0.91;-0.52;-1.34;29343;5
1.95;-2.47;9.87;-0.88;-0.54;-1.27;29344;5
1.94;-2.55;9.76;-0.86;-0.56;-1.2;29345;5
1.95;-2.6;9.64;-0.83;-0.57;-1.12;29346;5
1.97;-2.62;9.54;-0.8;-0.57;-1.03;29347;5
2.01;-2.61;9.44;-0.77;-0.56;-0.95;29348;5
2.08;-2.58;9.35;-0.74;-0.53;-0.87;29349;5
2.15;-2.53;9.27;-0.72;-0.49;-0.79;29350;5
2.21;-2.48;9.21;-0.7;-0.44;-0.73;29351;5
2.3;-2.39;9.13;-0.69;-0.38;-0.66;29352;5
2.39;-2.32;9.09;-0.68;-0.3;-0.61;29353;5
2.48;-2.23;9.03;-0.67;-0.21;-0.56;29354;5
2.57;-2.14;8.96;-0.67;-0.09;-0.53;29355;5
2.52;-1.65;8.42;-0.65;0.58;-0.42;29356;28
2.42;-1.56;8.37;-0.64;0.67;-0.4;29357;4
2.29;-1.43;8.33;-0.61;0.76;-0.39;29358;5
2.13;-1.24;8.31;-0.58;0.86;-0.38;29359;5
1.98;-1.08;8.31;-0.54;0.96;-0.37;29360;5
1.83;-0.99;8.31;-0.49;1.06;-0.36;29361;5
1.71;-0.96;8.31;-0.45;1.14;-0.36;29362;4
1.55;-1;8.32;-0.38;1.22;-0.35;29363;5
1.43;-1.1;8.32;-0.3;1.3;-0.35;29364;5
1.34;-1.22;8.31;-0.22;1.38;-0.35;29365;5
1.29;-1.33;8.29;-0.15;1.43;-0.36;29366;4
1.23;-1.46;8.28;-0.05;1.49;-0.36;29367;5
1.16;-1.6;8.27;0.05;1.53;-0.35;29368;5
1.12;-1.74;8.28;0.16;1.55;-0.34;29369;5
1.12;-1.85;8.31;0.26;1.56;-0.33;29370;5
1.17;-1.93;8.37;0.36;1.57;-0.3;29371;5
1.23;-1.98;8.42;0.46;1.59;-0.26;29372;5
1.28;-2.02;8.47;0.55;1.62;-0.21;29373;5
1.31;-2.03;8.52;0.61;1.66;-0.16;29374;4
1.33;-2.03;8.57;0.68;1.71;-0.09;29375;5
1.34;-2.01;8.61;0.72;1.75;-0.03;29376;4
1.32;-1.99;8.65;0.77;1.8;0.05;29377;5
1.24;-1.96;8.69;0.8;1.83;0.14;29378;6
1.15;-1.93;8.72;0.81;1.84;0.21;29379;5
1.05;-1.91;8.75;0.81;1.83;0.28;29380;5
0.95;-1.94;8.77;0.8;1.78;0.33;29381;6
0.91;-2;8.8;0.78;1.72;0.36;29382;5
0.93;-2.06;8.84;0.76;1.66;0.38;29383;4
0.99;-2.12;8.9;0.73;1.61;0.39;29384;4
1.07;-2.16;8.95;0.7;1.57;0.39;29385;4
1.1;-2.13;8.95;0.65;1.55;0.38;29386;6
0.92;-1.97;8.87;0.61;1.59;0.37;29387;5
0.75;-1.8;8.75;0.57;1.64;0.36;29388;5
0.68;-1.69;8.66;0.53;1.64;0.35;29389;5
0.64;-1.62;8.66;0.5;1.56;0.35;29390;5
0.66;-1.56;8.73;0.47;1.46;0.36;29391;4
0.74;-1.45;8.9;0.44;1.3;0.37;29392;5
0.87;-1.34;9.09;0.41;1.16;0.39;29393;5
1;-1.25;9.24;0.39;1.07;0.41;29394;4
1.14;-1.14;9.42;0.36;1.02;0.44;29395;5
1.23;-1.06;9.53;0.35;1;0.45;29396;4
1.3;-0.98;9.61;0.34;1;0.46;29397;4
1.34;-0.91;9.67;0.34;0.98;0.46;29398;5
1.37;-0.88;9.73;0.36;0.94;0.45;29399;5
1.38;-0.88;9.79;0.39;0.91;0.43;29400;4
1.4;-0.91;9.87;0.43;0.86;0.4;29401;4
1.45;-1;9.96;0.5;0.81;0.35;29402;5
1.51;-1.1;10.03;0.57;0.77;0.29;29403;4
1.58;-1.21;10.09;0.64;0.74;0.24;29404;4
1.66;-1.32;10.13;0.72;0.7;0.18;29405;4
1.73;-1.43;10.16;0.81;0.67;0.11;29406;4
1.8;-1.54;10.2;0.93;0.64;0.03;29407;5
1.81;-1.65;10.25;1.08;0.61;-0.07;29408;6
1.78;-1.71;10.26;1.21;0.6;-0.16;29409;5
1.72;-1.76;10.24;1.33;0.58;-0.26;29410;5
1.66;-1.79;10.22;1.43;0.57;-0.33;29411;4
1.59;-1.79;10.18;1.52;0.56;-0.41;29412;4
1.49;-1.77;10.13;1.62;0.53;-0.5;29413;5
1.41;-1.75;10.08;1.7;0.52;-0.57;29414;4
1.32;-1.71;10.06;1.77;0.5;-0.63;29415;4
1.21;-1.64;10.02;1.85;0.47;-0.71;29416;5
1.12;-1.55;9.98;1.9;0.44;-0.76;29417;4
1.02;-1.43;9.93;1.96;0.4;-0.82;29418;5
0.92;-1.29;9.87;2.01;0.34;-0.88;29419;5
0.83;-1.14;9.82;2.05;0.28;-0.93;29420;5
0.76;-1;9.8;2.07;0.2;-0.96;29421;5
0.73;-0.87;9.83;2.09;0.14;-0.99;29422;4
0.72;-0.73;9.9;2.09;0.07;-1;29423;4
0.71;-0.57;10;2.09;0;-1.01;29424;4
0.71;-0.41;10.11;2.09;-0.07;-1.01;29425;4
0.73;-0.23;10.24;2.08;-0.16;-1.01;29426;5
0.74;-0.06;10.38;2.06;-0.25;-0.99;29427;5
0.76;0.06;10.51;2.04;-0.35;-0.97;29428;5
0.77;0.12;10.6;2.03;-0.43;-0.95;29429;4
0.78;0.15;10.68;2.01;-0.51;-0.92;29430;4
1.27;-0.47;11.28;1.81;-1.46;-0.67;29431;47
1.4;-0.45;11.34;1.77;-1.53;-0.65;29432;5
1.56;-0.4;11.39;1.71;-1.58;-0.63;29433;5
1.73;-0.35;11.43;1.64;-1.63;-0.6;29434;5
1.9;-0.28;11.47;1.56;-1.67;-0.57;29435;5
2.05;-0.2;11.52;1.44;-1.71;-0.54;29436;6
2.1;-0.12;11.58;1.33;-1.73;-0.51;29437;5
2.1;-0.04;11.62;1.22;-1.74;-0.48;29438;4
2.05;0.05;11.66;1.08;-1.77;-0.45;29439;5
1.99;0.13;11.68;0.97;-1.79;-0.42;29440;4
1.94;0.2;11.7;0.82;-1.83;-0.38;29441;5
1.91;0.25;11.74;0.68;-1.87;-0.33;29442;5
1.9;0.29;11.79;0.54;-1.9;-0.27;29443;5
1.91;0.32;11.81;0.4;-1.93;-0.2;29444;5
1.9;0.34;11.81;0.29;-1.95;-0.13;29445;4
1.88;0.34;11.78;0.17;-1.98;-0.04;29446;5
1.86;0.33;11.75;0.08;-2.02;0.04;29447;4
1.86;0.32;11.76;-0.04;-2.07;0.16;29448;5
1.93;0.33;11.8;-0.14;-2.13;0.29;29449;5
2.13;0.36;11.91;-0.26;-2.19;0.46;29450;6
2.33;0.41;12;-0.37;-2.21;0.61;29451;5
2.56;0.46;12.05;-0.49;-2.21;0.8;29452;6
2.72;0.48;12.02;-0.59;-2.19;0.94;29453;5
2.83;0.45;11.89;-0.71;-2.16;1.11;29454;6
2.89;0.37;11.73;-0.82;-2.14;1.23;29455;5
2.92;0.26;11.55;-0.92;-2.14;1.33;29456;5
2.95;0.1;11.35;-1.04;-2.17;1.44;29457;6
2.97;-0.04;11.19;-1.14;-2.21;1.51;29458;5
3.05;-0.17;11.09;-1.24;-2.27;1.56;29459;5
3.21;-0.23;11.08;-1.34;-2.31;1.61;29460;5
3.46;-0.25;11.12;-1.44;-2.32;1.63;29461;5
3.75;-0.25;11.16;-1.54;-2.28;1.65;29462;5
4.04;-0.23;11.2;-1.65;-2.21;1.65;29463;5
4.28;-0.22;11.2;-1.76;-2.1;1.63;29464;5
4.41;-0.22;11.19;-1.87;-1.99;1.61;29465;5
4.43;-0.25;11.12;-1.98;-1.89;1.58;29466;5
4.36;-0.27;11;-2.09;-1.81;1.54;29467;5
4.22;-0.31;10.82;-2.19;-1.77;1.51;29468;5
4.04;-0.37;10.63;-2.29;-1.77;1.47;29469;5
3.86;-0.45;10.44;-2.38;-1.81;1.44;29470;5
3.71;-0.53;10.27;-2.46;-1.88;1.42;29471;5
3.61;-0.62;10.14;-2.53;-1.96;1.41;29472;5
3.59;-0.73;10.05;-2.6;-2.02;1.41;29473;5
3.62;-0.82;10;-2.66;-2.06;1.43;29474;5
3.68;-0.9;9.91;-2.71;-2.06;1.45;29475;5
3.73;-0.98;9.81;-2.76;-2.03;1.48;29476;5
3.77;-1.08;9.66;-2.8;-1.99;1.52;29477;5
3.79;-1.18;9.52;-2.82;-1.95;1.56;29478;4
3.82;-1.32;9.34;-2.84;-1.89;1.61;29479;5
3.88;-1.48;9.17;-2.85;-1.84;1.66;29480;5
3.94;-1.63;9.05;-2.85;-1.78;1.7;29481;4
4.03;-1.77;8.96;-2.85;-1.72;1.75;29482;4
4.16;-1.94;8.89;-2.85;-1.63;1.81;29483;5
4.3;-2.09;8.83;-2.84;-1.51;1.87;29484;5
4.46;-2.26;8.75;-2.83;-1.35;1.93;29485;6
4.58;-2.41;8.66;-2.82;-1.19;1.97;29486;5
4.7;-2.55;8.55;-2.81;-1.01;2;29487;5
4.78;-2.69;8.43;-2.8;-0.83;2.02;29488;5
4.85;-2.83;8.29;-2.79;-0.65;2.04;29489;5
4.88;-2.96;8.14;-2.78;-0.48;2.05;29490;5
4.86;-3.07;8.03;-2.77;-0.31;2.06;29491;5
4.8;-3.16;7.9;-2.77;-0.15;2.07;29492;5
4.7;-3.24;7.79;-2.76;0.03;2.09;29493;6
4.62;-3.27;7.73;-2.76;0.16;2.1;29494;5
4.57;-3.27;7.69;-2.76;0.26;2.11;29495;4
4.48;-3.23;7.64;-2.75;0.38;2.12;29496;5
4.37;-3.2;7.48;-2.73;0.52;2.12;29497;6
4.27;-3.17;7.32;-2.7;0.62;2.1;29498;5
4.19;-3.15;7.19;-2.66;0.69;2.07;29499;4
4.1;-3.14;7.05;-2.6;0.77;2.03;29500;5
4;-3.15;6.91;-2.52;0.85;1.97;29501;5
3.9;-3.16;6.8;-2.43;0.91;1.9;29502;5
3.77;-3.17;6.68;-2.32;0.98;1.84;29503;5
3.59;-3.18;6.55;-2.19;1.05;1.75;29504;6
3.45;-3.19;6.48;-2.09;1.1;1.7;29505;4
3.29;-3.18;6.45;-1.97;1.17;1.64;29506;5
3.15;-3.16;6.44;-1.86;1.23;1.59;29507;4
2.98;-3.14;6.45;-1.71;1.31;1.52;29508;6
2.87;-3.13;6.49;-1.57;1.38;1.47;29509;5
2.79;-3.13;6.55;-1.4;1.46;1.41;29510;6
2.75;-3.14;6.6;-1.26;1.52;1.37;29511;5
2.73;-3.18;6.64;-1.11;1.59;1.32;29512;5
2.7;-3.26;6.67;-0.95;1.66;1.27;29513;5
2.66;-3.39;6.68;-0.78;1.73;1.22;29514;5
2.59;-3.55;6.73;-0.61;1.79;1.18;29515;5
2.52;-3.69;6.81;-0.47;1.83;1.15;29516;4
2.45;-3.81;6.91;-0.32;1.86;1.12;29517;4
2.36;-3.95;7.07;-0.15;1.89;1.1;29518;5
2.28;-4.06;7.23;0.02;1.91;1.07;29519;5
2.23;-4.13;7.35;0.15;1.92;1.06;29520;4
2.19;-4.21;7.48;0.3;1.94;1.05;29521;5
2.16;-4.29;7.6;0.45;1.95;1.04;29522;5
2.14;-4.34;7.68;0.57;1.96;1.03;29523;4
2.1;-4.39;7.79;0.71;1.97;1.03;29524;5
2.07;-4.42;7.88;0.82;1.98;1.03;29525;4
2.05;-4.47;7.96;0.93;2;1.02;29526;4
2.01;-4.55;8.09;1.09;2.03;1.02;29527;6
1.95;-4.63;8.17;1.22;2.05;1.03;29528;5
1.86;-4.74;8.26;1.37;2.05;1.03;29529;6
1.8;-4.81;8.31;1.47;2.03;1.03;29530;4
1.75;-4.89;8.37;1.56;2;1.03;29531;4
1.73;-4.97;8.44;1.68;1.94;1.04;29532;5
1.74;-5.04;8.57;1.8;1.87;1.04;29533;5
1.77;-5.08;8.71;1.91;1.8;1.05;29534;5
1.81;-5.11;8.88;2.03;1.71;1.05;29535;6
1.85;-5.13;8.95;2.11;1.65;1.05;29536;4
1.91;-5.16;9.05;2.2;1.58;1.03;29537;5
1.98;-5.18;9.18;2.29;1.51;1;29538;6
2.01;-5.2;9.3;2.36;1.47;0.96;29539;5
1.97;-5.2;9.42;2.42;1.42;0.9;29540;5
1.89;-5.19;9.51;2.48;1.36;0.83;29541;5
1.79;-5.16;9.58;2.53;1.3;0.75;29542;5
1.74;-5.12;9.65;2.57;1.24;0.68;29543;4
1.72;-5.08;9.76;2.61;1.17;0.59;29544;5
1.72;-5.04;9.86;2.64;1.11;0.49;29545;5
1.73;-5.02;9.91;2.67;1.08;0.4;29546;4
1.7;-5;9.96;2.7;1.05;0.28;29547;6
1.62;-5.01;9.96;2.71;1.04;0.17;29548;5
1.5;-5.02;9.91;2.73;1.01;0.05;29549;6
1.39;-5.04;9.83;2.73;0.97;-0.06;29550;5
1.3;-5.06;9.77;2.73;0.93;-0.15;29551;4
1.21;-5.07;9.74;2.74;0.87;-0.27;29552;5
1.15;-5.04;9.79;2.73;0.81;-0.38;29553;5
1.12;-4.98;9.89;2.73;0.76;-0.5;29554;5
1.1;-4.88;9.99;2.71;0.73;-0.62;29555;5
1.09;-4.76;10.1;2.68;0.72;-0.73;29556;5
1.08;-4.66;10.2;2.64;0.72;-0.84;29557;5
1.07;-4.58;10.27;2.6;0.73;-0.93;29558;4
1.08;-4.52;10.33;2.56;0.74;-1.01;29559;4
1.09;-4.45;10.37;2.5;0.75;-1.11;29560;5
1.11;-4.41;10.39;2.44;0.75;-1.18;29561;4
1.13;-4.36;10.4;2.38;0.76;-1.25;29562;4
1.17;-4.3;10.42;2.31;0.77;-1.32;29563;5
1.17;-4.19;10.44;2.21;0.78;-1.41;29564;6
1.13;-4.1;10.46;2.14;0.78;-1.46;29565;4
1.06;-3.99;10.47;2.08;0.79;-1.51;29566;4
1;-3.9;10.49;2.03;0.79;-1.54;29567;4
0.87;-3.73;10.5;1.95;0.77;-1.59;29568;4
0.73;-3.55;10.51;1.87;0.75;-1.63;29569;5
0.62;-3.4;10.51;1.82;0.71;-1.66;29570;4
0.5;-3.23;10.51;1.76;0.65;-1.69;29571;5
0.4;-3.11;10.52;1.72;0.6;-1.71;29572;4
0.29;-2.99;10.56;1.68;0.54;-1.74;29573;5
0.19;-2.9;10.62;1.65;0.47;-1.76;29574;5
0.13;-2.85;10.66;1.64;0.44;-1.77;29575;4
0.07;-2.78;10.72;1.63;0.38;-1.78;29576;5
0.03;-2.72;10.79;1.63;0.33;-1.8;29577;5
0.01;-2.69;10.86;1.64;0.27;-1.8;29578;6
0;-2.67;10.89;1.64;0.23;-1.8;29579;5
0;-2.68;10.9;1.65;0.19;-1.79;29580;5
-0.03;-2.7;10.89;1.66;0.15;-1.78;29581;5
-0.07;-2.71;10.87;1.66;0.09;-1.76;29582;5
-0.11;-2.71;10.86;1.65;0.03;-1.73;29583;5
-0.14;-2.7;10.84;1.64;-0.04;-1.7;29584;5
-0.15;-2.69;10.84;1.62;-0.13;-1.66;29585;5
-0.12;-2.67;10.83;1.6;-0.22;-1.62;29586;5
-0.09;-2.63;10.81;1.57;-0.33;-1.57;29587;5
-0.05;-2.59;10.79;1.53;-0.45;-1.52;29588;5
-0.02;-2.53;10.75;1.49;-0.61;-1.47;29589;5
0.01;-2.47;10.7;1.44;-0.79;-1.41;29590;5
0.05;-2.41;10.66;1.4;-1;-1.36;29591;5
0.09;-2.36;10.63;1.35;-1.23;-1.3;29592;5
0.15;-2.29;10.62;1.31;-1.46;-1.24;29593;5
0.2;-2.21;10.63;1.27;-1.68;-1.19;29594;5
0.26;-2.13;10.64;1.23;-1.89;-1.13;29595;5
0.33;-2.03;10.64;1.19;-2.08;-1.07;29596;5
0.41;-1.9;10.72;1.15;-2.22;-1.01;29597;5
0.52;-1.74;10.76;1.13;-2.34;-0.95;29598;5
0.66;-1.58;10.76;1.1;-2.42;-0.88;29599;5
0.81;-1.43;10.72;1.08;-2.47;-0.82;29600;5
0.96;-1.29;10.63;1.05;-2.51;-0.75;29601;5
1.09;-1.15;10.49;1.02;-2.56;-0.69;29602;5
1.19;-1.05;10.36;1;-2.61;-0.63;29603;4
1.3;-0.94;10.21;0.97;-2.71;-0.56;29604;5
1.47;-0.81;10.12;0.92;-2.82;-0.48;29605;5
1.68;-0.67;10.09;0.87;-2.92;-0.41;29606;5
1.89;-0.55;10.08;0.82;-2.98;-0.36;29607;4
2.1;-0.42;10.09;0.77;-3.01;-0.3;29608;4
2.35;-0.28;10.1;0.69;-3.01;-0.25;29609;5
2.52;-0.17;10.09;0.63;-2.97;-0.21;29610;4
2.69;-0.09;10.09;0.56;-2.91;-0.17;29611;4
2.83;-0.01;10.07;0.48;-2.83;-0.15;29612;4
2.95;0.05;10.02;0.4;-2.72;-0.13;29613;4
3.05;0.08;9.94;0.31;-2.61;-0.12;29614;4
3.2;-0.12;9.44;-0.14;-2.14;-0.11;29615;20
2.93;-0.3;9.8;-1.17;-1.71;0.32;29616;42
2.87;-0.28;9.88;-1.29;-1.55;0.42;29617;5
2.8;-0.3;9.91;-1.4;-1.39;0.53;29618;5
2.74;-0.34;9.91;-1.48;-1.26;0.63;29619;4
2.67;-0.45;9.87;-1.59;-1.08;0.8;29620;6
2.65;-0.53;9.81;-1.65;-0.97;0.92;29621;4
2.66;-0.64;9.71;-1.73;-0.85;1.09;29622;5
2.71;-0.74;9.59;-1.79;-0.75;1.26;29623;5
2.8;-0.83;9.46;-1.85;-0.66;1.44;29624;5
2.91;-0.92;9.34;-1.91;-0.59;1.61;29625;5
3.04;-1.01;9.24;-1.97;-0.53;1.78;29626;5
3.23;-1.13;9.18;-2.04;-0.46;1.97;29627;6
3.42;-1.2;9.19;-2.1;-0.4;2.11;29628;5
3.64;-1.29;9.22;-2.17;-0.31;2.25;29629;6
3.8;-1.36;9.23;-2.24;-0.23;2.35;29630;5
3.91;-1.43;9.2;-2.3;-0.15;2.41;29631;5
3.98;-1.52;9.15;-2.35;-0.07;2.46;29632;5
4.01;-1.65;9.06;-2.39;-0.02;2.48;29633;5
4.02;-1.85;8.99;-2.43;0.03;2.48;29634;5
4.01;-2.08;8.93;-2.45;0.07;2.46;29635;5
4.01;-2.28;8.89;-2.46;0.1;2.43;29636;4
4.01;-2.52;8.86;-2.47;0.15;2.37;29637;5
4.02;-2.72;8.86;-2.46;0.21;2.31;29638;5
4.03;-2.85;8.88;-2.46;0.26;2.23;29639;5
4.03;-2.89;8.94;-2.44;0.31;2.17;29640;4
3.99;-2.89;8.99;-2.42;0.37;2.09;29641;5
3.91;-2.85;9.02;-2.39;0.42;2.02;29642;5
3.84;-2.84;9;-2.37;0.45;1.97;29643;4
3.74;-2.83;8.97;-2.35;0.49;1.91;29644;5
3.63;-2.85;8.97;-2.33;0.52;1.86;29645;5
3.53;-2.88;8.97;-2.3;0.55;1.83;29646;4
3.4;-2.94;8.96;-2.25;0.57;1.8;29647;5
3.27;-3.01;8.94;-2.19;0.59;1.77;29648;5
3.14;-3.09;8.94;-2.1;0.6;1.75;29649;5
3.05;-3.17;8.94;-2.03;0.61;1.73;29650;4
2.98;-3.24;8.94;-1.94;0.61;1.72;29651;4
2.94;-3.31;8.92;-1.85;0.62;1.7;29652;4
2.92;-3.41;8.88;-1.74;0.63;1.67;29653;5
2.92;-3.51;8.83;-1.61;0.65;1.64;29654;5
2.92;-3.64;8.72;-1.47;0.68;1.59;29655;6
2.89;-3.75;8.61;-1.35;0.72;1.54;29656;5
2.84;-3.86;8.5;-1.24;0.76;1.49;29657;5
2.77;-4;8.37;-1.13;0.8;1.43;29658;5
2.67;-4.13;8.28;-1.03;0.85;1.37;29659;5
2.59;-4.23;8.21;-0.96;0.88;1.32;29660;4
2.52;-4.32;8.13;-0.89;0.92;1.27;29661;4
2.44;-4.4;8.05;-0.81;0.95;1.21;29662;5
2.4;-4.46;8.02;-0.74;0.98;1.16;29663;4
2.39;-4.49;8.04;-0.67;1.02;1.1;29664;5
2.41;-4.49;8.1;-0.62;1.04;1.06;29665;4
2.43;-4.48;8.19;-0.57;1.07;1.02;29666;4
2.46;-4.45;8.29;-0.53;1.1;0.98;29667;4
2.48;-4.42;8.39;-0.49;1.13;0.94;29668;4
2.48;-4.4;8.48;-0.45;1.16;0.91;29669;4
2.49;-4.37;8.58;-0.4;1.2;0.87;29670;5
2.48;-4.36;8.66;-0.35;1.24;0.84;29671;4
2.46;-4.35;8.74;-0.31;1.27;0.82;29672;4
2.43;-4.36;8.79;-0.24;1.33;0.79;29673;5
2.34;-4.38;8.8;-0.16;1.4;0.75;29674;6
2.24;-4.43;8.77;-0.07;1.46;0.72;29675;5
2.11;-4.49;8.74;0.03;1.5;0.69;29676;5
1.96;-4.55;8.69;0.13;1.54;0.65;29677;5
1.81;-4.58;8.65;0.25;1.56;0.62;29678;5
1.67;-4.6;8.63;0.36;1.56;0.58;29679;5
1.57;-4.58;8.62;0.46;1.55;0.56;29680;4
1.44;-4.54;8.63;0.57;1.54;0.52;29681;5
1.35;-4.51;8.66;0.66;1.53;0.5;29682;4
1.27;-4.47;8.7;0.75;1.51;0.48;29683;4
1.19;-4.42;8.75;0.82;1.51;0.46;29684;4
1.12;-4.38;8.8;0.89;1.5;0.44;29685;4
1.03;-4.36;8.84;0.96;1.5;0.42;29686;4
0.94;-4.36;8.87;1.01;1.5;0.4;29687;4
0.96;-4.95;9.27;1.39;1.29;0.22;29688;38
1.01;-4.99;9.36;1.42;1.27;0.2;29689;4
1.04;-5.03;9.47;1.47;1.24;0.17;29690;5
1.05;-5.04;9.58;1.52;1.22;0.14;29691;5
1.03;-5.04;9.65;1.56;1.21;0.11;29692;4
0.98;-5.01;9.72;1.61;1.2;0.07;29693;5
0.9;-4.98;9.78;1.66;1.18;0.03;29694;5
0.84;-4.96;9.8;1.7;1.16;-0.01;29695;4
0.74;-4.93;9.83;1.77;1.13;-0.07;29696;6
0.68;-4.9;9.85;1.81;1.11;-0.11;29697;4
0.59;-4.86;9.89;1.86;1.08;-0.16;29698;5
0.48;-4.77;9.95;1.91;1.06;-0.23;29699;6
0.39;-4.7;9.99;1.95;1.04;-0.28;29700;5
0.3;-4.59;10.05;1.99;1.02;-0.35;29701;6
0.27;-4.51;10.08;2.01;1.01;-0.4;29702;5
0.25;-4.44;10.11;2.03;0.99;-0.45;29703;4
0.26;-4.35;10.16;2.04;0.96;-0.5;29704;5
0.28;-4.24;10.21;2.04;0.94;-0.56;29705;5
0.3;-4.14;10.26;2.04;0.92;-0.6;29706;5
0.3;-4.03;10.29;2.02;0.91;-0.65;29707;5
0.28;-3.95;10.3;2.01;0.9;-0.68;29708;4
0.22;-3.83;10.3;1.98;0.88;-0.73;29709;6
0.16;-3.73;10.29;1.95;0.86;-0.77;29710;5
0.07;-3.63;10.24;1.91;0.84;-0.81;29711;6
-0.02;-3.57;10.18;1.89;0.81;-0.84;29712;5
-0.1;-3.54;10.13;1.86;0.79;-0.86;29713;4
-0.21;-3.53;10.08;1.84;0.74;-0.89;29714;5
-0.31;-3.52;10.04;1.81;0.69;-0.92;29715;5
-0.4;-3.51;10.03;1.79;0.63;-0.94;29716;5
-0.48;-3.51;10.02;1.77;0.57;-0.96;29717;5
-0.55;-3.52;10.04;1.75;0.51;-0.97;29718;4
-0.64;-3.52;10.08;1.72;0.43;-0.97;29719;6
-0.7;-3.54;10.11;1.69;0.35;-0.97;29720;5
-0.76;-3.55;10.14;1.66;0.27;-0.95;29721;5
-0.79;-3.55;10.16;1.63;0.2;-0.94;29722;4
-0.83;-3.56;10.18;1.59;0.12;-0.91;29723;4
-0.88;-3.56;10.19;1.55;0;-0.87;29724;5
-0.89;-3.55;10.21;1.5;-0.14;-0.83;29725;5
-0.87;-3.53;10.22;1.44;-0.31;-0.76;29726;6
-0.83;-3.5;10.24;1.36;-0.49;-0.69;29727;6
-0.79;-3.46;10.26;1.3;-0.63;-0.62;29728;5
-0.73;-3.38;10.29;1.22;-0.78;-0.55;29729;6
-0.67;-3.28;10.3;1.14;-0.89;-0.48;29730;5
-0.6;-3.17;10.27;1.06;-0.99;-0.42;29731;5
-0.56;-3.04;10.23;0.99;-1.08;-0.36;29732;5
-0.52;-2.9;10.2;0.91;-1.17;-0.31;29733;5
-0.45;-2.76;10.19;0.83;-1.26;-0.26;29734;5
-0.35;-2.6;10.21;0.75;-1.33;-0.22;29735;5
-0.22;-2.44;10.24;0.67;-1.39;-0.18;29736;5
-0.05;-2.29;10.28;0.6;-1.43;-0.15;29737;5
0.13;-2.16;10.3;0.53;-1.45;-0.13;29738;5
0.3;-2.05;10.3;0.46;-1.48;-0.11;29739;5
0.47;-1.98;10.28;0.39;-1.52;-0.1;29740;5
0.63;-1.92;10.25;0.33;-1.58;-0.11;29741;5
0.78;-1.9;10.22;0.28;-1.68;-0.11;29742;5
0.9;-1.9;10.19;0.23;-1.82;-0.12;29743;5
1;-1.92;10.14;0.19;-2;-0.13;29744;5
1.07;-1.97;10.07;0.15;-2.22;-0.15;29745;5
1.14;-2.04;10.03;0.12;-2.46;-0.16;29746;5
1.23;-2.1;10.02;0.09;-2.71;-0.18;29747;5
1.35;-2.16;10.03;0.06;-2.93;-0.2;29748;5
1.48;-2.21;10.05;0.03;-3.12;-0.22;29749;5
1.62;-2.25;10.1;0.01;-3.26;-0.25;29750;5
1.76;-2.26;10.22;-0.02;-3.35;-0.27;29751;5
1.9;-2.25;10.39;-0.05;-3.38;-0.3;29752;5
2.03;-2.21;10.54;-0.09;-3.35;-0.33;29753;5
2.15;-2.15;10.67;-0.12;-3.27;-0.36;29754;5
2.26;-2.09;10.77;-0.16;-3.16;-0.38;29755;5
2.38;-2.04;10.83;-0.19;-3.03;-0.39;29756;5
2.5;-1.99;10.87;-0.22;-2.9;-0.39;29757;5
2.63;-1.96;10.89;-0.24;-2.77;-0.39;29758;5
2.78;-1.93;10.89;-0.26;-2.64;-0.37;29759;5
2.95;-1.92;10.87;-0.28;-2.54;-0.34;29760;5
3.14;-1.9;10.84;-0.3;-2.44;-0.3;29761;5
3.27;-1.89;10.83;-0.3;-2.39;-0.28;29762;4
3.5;-1.88;10.81;-0.32;-2.29;-0.23;29763;4
3.74;-1.88;10.77;-0.34;-2.18;-0.17;29764;5
3.95;-1.87;10.72;-0.36;-2.05;-0.1;29765;5
4.11;-1.86;10.65;-0.38;-1.93;-0.03;29766;5
4.19;-1.85;10.58;-0.41;-1.83;0.03;29767;4
4.23;-1.84;10.5;-0.44;-1.72;0.11;29768;5
4.18;-1.84;10.35;-0.51;-1.62;0.23;29769;7
4.1;-1.87;10.19;-0.56;-1.58;0.31;29770;5
3.99;-1.92;10.01;-0.62;-1.58;0.4;29771;5
3.83;-1.99;9.8;-0.7;-1.61;0.49;29772;6
3.7;-2.05;9.63;-0.78;-1.63;0.56;29773;5
3.62;-2.08;9.54;-0.83;-1.64;0.6;29774;4
3.48;-2.13;9.35;-0.94;-1.63;0.66;29775;5
3.38;-2.16;9.17;-1.03;-1.6;0.7;29776;5
3.29;-2.15;9;-1.13;-1.54;0.74;29777;5
3.23;-2.11;8.82;-1.25;-1.47;0.77;29778;6
3.23;-2.06;8.71;-1.34;-1.4;0.8;29779;5
3.23;-2.01;8.65;-1.42;-1.36;0.82;29780;4
3.27;-1.97;8.59;-1.5;-1.3;0.84;29781;5
3.33;-1.95;8.54;-1.58;-1.24;0.87;29782;5
3.41;-1.95;8.51;-1.65;-1.18;0.91;29783;5
3.49;-1.98;8.46;-1.71;-1.12;0.95;29784;5
3.54;-2.01;8.4;-1.77;-1.05;0.99;29785;5
3.56;-2.04;8.37;-1.79;-1;1.01;29786;4
3.57;-2.12;8.25;-1.85;-0.9;1.08;29787;6
3.54;-2.18;8.16;-1.88;-0.83;1.12;29788;5
3.51;-2.26;8.07;-1.9;-0.76;1.16;29789;5
3.5;-2.32;8;-1.91;-0.71;1.2;29790;4
3.5;-2.4;7.95;-1.92;-0.65;1.24;29791;5
3.53;-2.5;7.9;-1.92;-0.59;1.28;29792;5
3.57;-2.62;7.86;-1.91;-0.52;1.31;29793;5
3.62;-2.74;7.84;-1.9;-0.45;1.34;29794;5
3.67;-2.84;7.83;-1.89;-0.39;1.36;29795;5
3.72;-2.99;7.83;-1.87;-0.29;1.39;29796;6
3.74;-3.14;7.79;-1.85;-0.21;1.4;29797;5
3.74;-3.29;7.74;-1.83;-0.13;1.42;29798;5
3.76;-3.46;7.69;-1.82;-0.04;1.43;29799;5
3.79;-3.61;7.69;-1.81;0.06;1.44;29800;5
3.84;-3.77;7.72;-1.8;0.19;1.46;29801;6
3.89;-3.87;7.77;-1.79;0.31;1.46;29802;5
3.94;-3.93;7.82;-1.78;0.41;1.47;29803;4
3.98;-4;7.88;-1.76;0.52;1.47;29804;5
3.99;-4.05;7.93;-1.73;0.63;1.47;29805;5
3.97;-4.08;7.97;-1.7;0.72;1.46;29806;5
3.93;-4.11;8;-1.67;0.78;1.46;29807;5
3.88;-4.16;8.02;-1.62;0.83;1.45;29808;5
3.82;-4.23;8.05;-1.56;0.87;1.43;29809;6
3.77;-4.31;8.05;-1.5;0.9;1.41;29810;5
3.73;-4.4;8.07;-1.45;0.93;1.38;29811;4
3.7;-4.51;8.09;-1.38;0.96;1.35;29812;5
3.67;-4.61;8.11;-1.29;0.99;1.3;29813;5
3.63;-4.7;8.11;-1.2;1.02;1.24;29814;5
3.59;-4.8;8.1;-1.1;1.05;1.18;29815;5
3.54;-4.87;8.07;-1.02;1.08;1.13;29816;4
3.47;-4.95;8.01;-0.92;1.1;1.07;29817;5
3.4;-5.01;7.96;-0.83;1.12;1.02;29818;4
3.33;-5.06;7.9;-0.73;1.13;0.96;29819;5
3.27;-5.07;7.85;-0.6;1.14;0.9;29820;6
3.25;-5.08;7.86;-0.51;1.12;0.86;29821;5
3.23;-5.06;7.92;-0.41;1.08;0.83;29822;6
3.24;-5.06;8.01;-0.33;1.02;0.81;29823;5
3.29;-5.08;8.13;-0.26;0.94;0.81;29824;6
3.33;-5.11;8.22;-0.2;0.88;0.81;29825;5
3.35;-5.15;8.29;-0.16;0.84;0.82;29826;5
3.35;-5.2;8.32;-0.12;0.82;0.82;29827;4
3.29;-5.25;8.32;-0.08;0.81;0.82;29828;5
3.17;-5.31;8.29;-0.05;0.82;0.82;29829;5
2.99;-5.37;8.26;-0.02;0.83;0.81;29830;5
2.78;-5.45;8.21;0.02;0.83;0.79;29831;5
2.56;-5.54;8.17;0.06;0.84;0.75;29832;6
2.44;-5.6;8.14;0.09;0.86;0.72;29833;5
2.37;-5.65;8.14;0.12;0.89;0.69;29834;4
2.31;-5.67;8.11;0.16;0.94;0.65;29835;5
2.23;-5.66;8.05;0.2;1;0.61;29836;5
2.17;-5.62;7.98;0.23;1.06;0.58;29837;4
2.07;-5.52;7.84;0.28;1.14;0.53;29838;6
1.99;-5.41;7.73;0.33;1.19;0.5;29839;5
1.92;-5.26;7.67;0.39;1.22;0.46;29840;6
1.92;-5.15;7.73;0.44;1.21;0.44;29841;5
1.97;-5.1;7.84;0.48;1.16;0.43;29842;4
2.08;-5.07;8.03;0.53;1.08;0.42;29843;5
2.23;-5.08;8.22;0.58;0.99;0.41;29844;5
2.35;-5.13;8.39;0.63;0.92;0.4;29845;5
2.43;-5.2;8.52;0.68;0.86;0.39;29846;5
2.47;-5.28;8.6;0.74;0.82;0.35;29847;5
2.46;-5.36;8.63;0.8;0.81;0.31;29848;5
2.42;-5.41;8.64;0.86;0.8;0.26;29849;4
2.33;-5.43;8.63;0.94;0.78;0.19;29850;5
2.23;-5.42;8.61;1.02;0.75;0.11;29851;5
2.12;-5.37;8.59;1.12;0.7;0;29852;6
2.04;-5.31;8.59;1.2;0.67;-0.09;29853;5
1.97;-5.21;8.59;1.29;0.66;-0.2;29854;6
1.91;-5.12;8.58;1.36;0.68;-0.29;29855;5
1.84;-5.03;8.57;1.42;0.71;-0.38;29856;5
1.76;-4.94;8.53;1.48;0.75;-0.46;29857;5
1.67;-4.86;8.5;1.54;0.79;-0.54;29858;5
1.58;-4.78;8.5;1.6;0.82;-0.6;29859;5
1.51;-4.71;8.54;1.65;0.84;-0.65;29860;5
1.47;-4.66;8.6;1.68;0.84;-0.68;29861;4
1.42;-4.6;8.7;1.73;0.83;-0.71;29862;5
1.39;-4.56;8.8;1.77;0.8;-0.72;29863;5
1.4;-4.53;8.91;1.8;0.77;-0.73;29864;5
1.41;-4.51;8.98;1.82;0.75;-0.72;29865;4
1.42;-4.5;9.04;1.84;0.72;-0.71;29866;4
1.44;-4.5;9.1;1.86;0.69;-0.69;29867;4
1.45;-4.5;9.14;1.87;0.66;-0.68;29868;4
1.46;-4.5;9.17;1.89;0.63;-0.66;29869;4
1.47;-4.48;9.19;1.89;0.6;-0.65;29870;4
1.48;-4.45;9.2;1.9;0.58;-0.64;29871;4
0.92;-3.11;9.19;1.58;0.72;-0.88;29872;67
0.96;-3.08;9.26;1.55;0.68;-0.91;29873;4
1.05;-3.05;9.38;1.51;0.61;-0.93;29874;5
1.16;-3.01;9.52;1.48;0.55;-0.95;29875;5
1.24;-2.97;9.66;1.45;0.5;-0.97;29876;4
1.31;-2.94;9.81;1.41;0.45;-0.98;29877;4
1.38;-2.92;9.95;1.38;0.41;-1;29878;4
1.46;-2.94;10.07;1.36;0.37;-1.01;29879;4
1.52;-2.97;10.17;1.33;0.35;-1.02;29880;4
1.56;-3.01;10.25;1.31;0.33;-1.03;29881;4
1.54;-3.1;10.36;1.28;0.3;-1.05;29882;7
1.5;-3.19;10.41;1.26;0.28;-1.05;29883;5
1.41;-3.29;10.43;1.25;0.26;-1.06;29884;5
1.32;-3.38;10.44;1.24;0.25;-1.06;29885;5
1.2;-3.47;10.46;1.23;0.23;-1.06;29886;5
1.09;-3.56;10.48;1.22;0.2;-1.06;29887;5
0.99;-3.62;10.49;1.2;0.18;-1.05;29888;4
0.87;-3.69;10.48;1.18;0.15;-1.03;29889;6
0.78;-3.73;10.48;1.16;0.12;-1.01;29890;5
0.74;-3.75;10.48;1.13;0.09;-0.99;29891;4
0.71;-3.75;10.53;1.09;0.05;-0.96;29892;5
0.71;-3.73;10.58;1.04;0.04;-0.93;29893;5
0.72;-3.69;10.64;0.98;0.04;-0.89;29894;5
0.71;-3.62;10.68;0.91;0.05;-0.84;29895;5
0.68;-3.56;10.69;0.85;0.06;-0.79;29896;4
0.65;-3.49;10.69;0.77;0.06;-0.74;29897;5
0.62;-3.42;10.66;0.67;0.05;-0.66;29898;6
0.62;-3.36;10.63;0.59;0.01;-0.59;29899;5
0.64;-3.3;10.59;0.5;-0.03;-0.52;29900;5
0.68;-3.24;10.57;0.43;-0.07;-0.46;29901;4
0.74;-3.16;10.54;0.33;-0.13;-0.37;29902;6
0.8;-3.05;10.52;0.23;-0.19;-0.29;29903;6
0.84;-2.96;10.5;0.14;-0.24;-0.22;29904;5
0.88;-2.86;10.51;0.05;-0.27;-0.14;29905;6
0.91;-2.78;10.53;-0.03;-0.28;-0.08;29906;5
0.94;-2.73;10.53;-0.11;-0.28;-0.03;29907;5
0.97;-2.69;10.51;-0.18;-0.27;0.01;29908;5
1.01;-2.66;10.48;-0.25;-0.27;0.05;29909;5
1.04;-2.64;10.43;-0.32;-0.27;0.08;29910;5
1.07;-2.64;10.39;-0.37;-0.28;0.1;29911;5
1.08;-2.66;10.35;-0.42;-0.31;0.12;29912;5
1.11;-2.68;10.3;-0.46;-0.36;0.13;29913;5
1.13;-2.72;10.26;-0.5;-0.41;0.14;29914;5
1.17;-2.75;10.24;-0.53;-0.48;0.14;29915;5
1.24;-2.78;10.24;-0.56;-0.55;0.14;29916;5
1.34;-2.79;10.27;-0.58;-0.61;0.13;29917;5
1.46;-2.79;10.34;-0.6;-0.65;0.11;29918;5
1.57;-2.76;10.42;-0.61;-0.68;0.09;29919;5
1.65;-2.73;10.49;-0.62;-0.69;0.07;29920;4
1.73;-2.67;10.56;-0.62;-0.68;0.04;29921;5
1.76;-2.6;10.61;-0.62;-0.66;0;29922;5
1.76;-2.52;10.64;-0.61;-0.64;-0.04;29923;5
1.71;-2.44;10.64;-0.59;-0.61;-0.08;29924;5
1.64;-2.36;10.6;-0.56;-0.58;-0.12;29925;5
1.56;-2.28;10.54;-0.52;-0.57;-0.16;29926;5
1.5;-2.21;10.5;-0.48;-0.58;-0.2;29927;5
1.45;-2.16;10.46;-0.42;-0.6;-0.22;29928;5
1.42;-2.11;10.43;-0.36;-0.63;-0.24;29929;5
1.43;-2.06;10.41;-0.3;-0.67;-0.26;29930;5
1.48;-1.99;10.42;-0.23;-0.71;-0.26;29931;5
1.56;-1.89;10.44;-0.17;-0.73;-0.26;29932;5
1.64;-1.78;10.48;-0.11;-0.74;-0.25;29933;5
1.71;-1.64;10.52;-0.05;-0.73;-0.23;29934;5
1.75;-1.39;10.52;0.05;-0.68;-0.19;29935;10
1.73;-1.31;10.49;0.09;-0.65;-0.18;29936;4
1.42;-1.23;9.96;0.31;-0.72;-0.07;29937;35
1.39;-1.29;9.85;0.33;-0.75;-0.05;29938;5
1.36;-1.34;9.74;0.35;-0.79;-0.02;29939;5
1.31;-1.39;9.62;0.36;-0.85;0.01;29940;5
1.27;-1.45;9.51;0.36;-0.95;0.05;29941;5
1.25;-1.5;9.43;0.36;-1.05;0.09;29942;4
1.23;-1.57;9.34;0.36;-1.21;0.15;29943;5
1.25;-1.65;9.26;0.35;-1.39;0.22;29944;5
1.32;-1.75;9.2;0.33;-1.62;0.32;29945;6
1.41;-1.82;9.17;0.3;-1.82;0.42;29946;5
1.53;-1.85;9.18;0.27;-2.03;0.54;29947;6
1.68;-1.83;9.23;0.23;-2.19;0.66;29948;5
1.93;-1.74;9.36;0.18;-2.31;0.8;29949;6
2.17;-1.62;9.5;0.13;-2.34;0.93;29950;5
2.42;-1.5;9.62;0.07;-2.31;1.05;29951;5
2.64;-1.38;9.69;0.01;-2.23;1.17;29952;5
2.82;-1.3;9.67;-0.04;-2.11;1.28;29953;5
2.96;-1.23;9.57;-0.11;-1.96;1.4;29954;6
3.03;-1.23;9.44;-0.16;-1.84;1.49;29955;5
3.08;-1.25;9.26;-0.2;-1.75;1.58;29956;5
3.12;-1.3;9.09;-0.24;-1.68;1.65;29957;5
3.16;-1.37;8.93;-0.28;-1.66;1.72;29958;5
3.21;-1.46;8.78;-0.31;-1.65;1.78;29959;5
3.28;-1.55;8.66;-0.33;-1.67;1.83;29960;5
3.38;-1.64;8.57;-0.35;-1.69;1.87;29961;5
3.49;-1.73;8.53;-0.37;-1.69;1.89;29962;5
3.57;-1.79;8.52;-0.39;-1.67;1.9;29963;4
3.63;-1.87;8.53;-0.4;-1.64;1.89;29964;4
3.66;-1.98;8.55;-0.42;-1.6;1.88;29965;5
3.66;-2.11;8.57;-0.44;-1.54;1.84;29966;5
3.62;-2.3;8.58;-0.46;-1.47;1.79;29967;6
3.6;-2.46;8.57;-0.47;-1.43;1.73;29968;5
3.55;-2.67;8.51;-0.48;-1.4;1.67;29969;5
3.54;-2.88;8.46;-0.49;-1.39;1.6;29970;5
3.56;-3.08;8.44;-0.5;-1.37;1.53;29971;5
3.67;-3.25;8.46;-0.5;-1.36;1.45;29972;5
3.81;-3.38;8.53;-0.49;-1.31;1.36;29973;5
3.96;-3.47;8.62;-0.48;-1.24;1.28;29974;5
4.1;-3.49;8.71;-0.46;-1.13;1.19;29975;5
4.21;-3.48;8.76;-0.45;-1;1.1;29976;5
4.27;-3.46;8.78;-0.44;-0.86;1;29977;5
4.27;-3.45;8.75;-0.43;-0.72;0.91;29978;5
4.24;-3.46;8.69;-0.42;-0.61;0.83;29979;4
4.21;-3.48;8.59;-0.41;-0.5;0.73;29980;5
4.21;-3.51;8.48;-0.41;-0.4;0.64;29981;5
4.24;-3.55;8.4;-0.4;-0.32;0.54;29982;5
4.31;-3.56;8.36;-0.4;-0.23;0.44;29983;5
4.43;-3.56;8.36;-0.39;-0.1;0.32;29984;6
4.51;-3.54;8.39;-0.39;0.02;0.22;29985;5
4.6;-3.5;8.42;-0.38;0.15;0.1;29986;5
4.64;-3.48;8.44;-0.38;0.24;0.03;29987;4
4.71;-3.45;8.47;-0.37;0.42;-0.12;29988;5
4.75;-3.41;8.49;-0.35;0.59;-0.25;29989;5
4.76;-3.4;8.46;-0.31;0.78;-0.42;29990;6
4.75;-3.4;8.41;-0.28;0.92;-0.57;29991;5
4.73;-3.4;8.37;-0.25;1.03;-0.72;29992;5
4.73;-3.41;8.33;-0.22;1.12;-0.86;29993;5
4.76;-3.43;8.33;-0.19;1.2;-1;29994;5
4.8;-3.45;8.36;-0.16;1.26;-1.13;29995;5
4.84;-3.47;8.41;-0.14;1.31;-1.26;29996;5
4.87;-3.48;8.48;-0.13;1.37;-1.37;29997;5
4.88;-3.51;8.55;-0.12;1.43;-1.48;29998;5
4.88;-3.54;8.61;-0.11;1.49;-1.57;29999;5
4.86;-3.59;8.68;-0.11;1.56;-1.66;30000;5
4.83;-3.62;8.72;-0.11;1.61;-1.7;30001;4
4.74;-3.7;8.78;-0.11;1.7;-1.79;30002;5
4.64;-3.76;8.83;-0.11;1.78;-1.85;30003;5
4.49;-3.82;8.87;-0.11;1.85;-1.91;30004;5
4.34;-3.86;8.9;-0.12;1.9;-1.94;30005;4
4.15;-3.91;8.98;-0.12;1.94;-1.98;30006;6
4;-3.93;9.09;-0.12;1.96;-2;30007;5
3.86;-3.93;9.24;-0.11;1.99;-2.02;30008;6
3.76;-3.92;9.35;-0.11;2;-2.01;30009;5
3.68;-3.91;9.43;-0.1;2.02;-2;30010;4
3.57;-3.89;9.54;-0.08;2.03;-1.97;30011;5
3.46;-3.86;9.63;-0.07;2.05;-1.93;30012;5
3.36;-3.83;9.72;-0.05;2.05;-1.88;30013;5
3.27;-3.79;9.79;-0.03;2.04;-1.82;30014;5
3.18;-3.75;9.83;0;2.02;-1.75;30015;5
3.11;-3.7;9.84;0.02;1.97;-1.67;30016;5
3.07;-3.66;9.85;0.04;1.91;-1.6;30017;4
3.06;-3.59;9.88;0.06;1.83;-1.5;30018;5
3.08;-3.52;9.92;0.08;1.74;-1.4;30019;5
3.1;-3.41;9.99;0.11;1.65;-1.28;30020;6
3.1;-3.32;10.06;0.12;1.57;-1.17;30021;5
3.08;-3.22;10.14;0.14;1.49;-1.05;30022;6
3.03;-3.13;10.19;0.15;1.42;-0.95;30023;5
2.96;-3.06;10.22;0.16;1.36;-0.87;30024;4
2.85;-2.98;10.26;0.17;1.29;-0.78;30025;5
2.73;-2.9;10.29;0.18;1.22;-0.69;30026;5
2.6;-2.82;10.31;0.19;1.15;-0.61;30027;5
2.48;-2.75;10.32;0.2;1.07;-0.52;30028;5
2.39;-2.71;10.32;0.2;1.01;-0.46;30029;4
2.3;-2.67;10.3;0.22;0.93;-0.38;30030;5
2.25;-2.64;10.29;0.22;0.86;-0.32;30031;4
2.21;-2.61;10.29;0.24;0.77;-0.24;30032;5
2.21;-2.57;10.31;0.25;0.68;-0.14;30033;6
2.22;-2.53;10.34;0.27;0.61;-0.07;30034;5
2.25;-2.48;10.35;0.28;0.53;0.01;30035;6
2.28;-2.43;10.36;0.29;0.47;0.07;30036;5
2.29;-2.38;10.36;0.3;0.38;0.13;30037;6
2.27;-2.34;10.36;0.31;0.3;0.18;30038;5
2.24;-2.3;10.36;0.32;0.22;0.22;30039;5
2.19;-2.26;10.36;0.34;0.15;0.26;30040;5
2.14;-2.22;10.35;0.35;0.09;0.29;30041;4
2.07;-2.19;10.32;0.37;0.03;0.32;30042;5
1.98;-2.16;10.27;0.39;-0.03;0.35;30043;5
1.88;-2.13;10.2;0.42;-0.08;0.38;30044;5
1.8;-2.1;10.15;0.45;-0.13;0.41;30045;4
1.73;-2.05;10.08;0.48;-0.19;0.45;30046;5
1.67;-1.99;10.02;0.53;-0.25;0.5;30047;6
1.62;-1.94;9.98;0.56;-0.3;0.55;30048;5
1.55;-1.9;9.93;0.6;-0.35;0.59;30049;5
1.48;-1.87;9.89;0.64;-0.4;0.64;30050;5
1.41;-1.84;9.83;0.67;-0.44;0.69;30051;5
1.35;-1.83;9.76;0.71;-0.5;0.74;30052;5
1.28;-1.83;9.67;0.74;-0.56;0.79;30053;5
1.24;-1.85;9.57;0.77;-0.64;0.84;30054;5
1.21;-1.89;9.45;0.81;-0.76;0.89;30055;6
1.21;-1.93;9.35;0.85;-0.88;0.94;30056;5
1.27;-1.98;9.27;0.88;-1.01;0.98;30057;5
1.36;-2.03;9.21;0.91;-1.15;1.01;30058;5
1.46;-2.06;9.17;0.93;-1.28;1.05;30059;5
1.55;-2.08;9.15;0.95;-1.4;1.08;30060;5
1.63;-2.07;9.16;0.97;-1.49;1.11;30061;4
1.74;-2.06;9.2;0.97;-1.56;1.13;30062;4
1.9;-2.03;9.27;0.97;-1.63;1.16;30063;5
2.08;-2;9.34;0.96;-1.65;1.19;30064;5
2.28;-1.98;9.4;0.94;-1.65;1.21;30065;6
2.4;-1.98;9.44;0.92;-1.63;1.22;30066;5
2.48;-2;9.47;0.9;-1.61;1.23;30067;5
2.52;-2.03;9.47;0.87;-1.61;1.24;30068;5
2.53;-2.1;9.45;0.84;-1.63;1.24;30069;5
2.52;-2.18;9.4;0.82;-1.68;1.23;30070;5
2.48;-2.28;9.34;0.81;-1.77;1.23;30071;5
2.46;-2.39;9.27;0.8;-1.9;1.23;30072;5
2.54;-2.5;9.24;0.8;-2.07;1.22;30073;6
2.7;-2.56;9.28;0.81;-2.19;1.22;30074;5
2.91;-2.58;9.36;0.81;-2.27;1.22;30075;5
3.15;-2.56;9.43;0.8;-2.31;1.22;30076;5
3.38;-2.5;9.49;0.8;-2.3;1.21;30077;5
3.59;-2.43;9.52;0.78;-2.25;1.2;30078;5
3.77;-2.36;9.53;0.77;-2.18;1.19;30079;5
3.9;-2.3;9.52;0.75;-2.12;1.18;30080;4
4.02;-2.25;9.49;0.72;-2.04;1.16;30081;5
4.09;-2.22;9.42;0.69;-1.97;1.14;30082;5
4.13;-2.22;9.36;0.67;-1.93;1.13;30083;4
4.14;-2.23;9.27;0.64;-1.9;1.11;30084;4
4.17;-2.26;9.16;0.61;-1.89;1.1;30085;4
4.26;-2.3;9.02;0.58;-1.88;1.07;30086;5
4.31;-2.34;8.91;0.55;-1.88;1.05;30087;4
4.35;-2.39;8.78;0.51;-1.88;1.03;30088;5
4.43;-2.43;8.7;0.46;-1.89;0.99;30089;5
4.54;-2.43;8.68;0.42;-1.88;0.96;30090;4
4.77;-2.4;8.74;0.37;-1.86;0.93;30091;5
5.16;-2.31;8.88;0.28;-1.77;0.87;30092;6
5.49;-2.21;9.01;0.2;-1.63;0.82;30093;5
5.71;-2.13;9.09;0.13;-1.48;0.78;30094;4
5.93;-2.05;9.13;0.04;-1.28;0.71;30095;5
6.1;-2.01;9.07;-0.05;-1.07;0.65;30096;5
6.12;-1.97;8.99;-0.14;-0.88;0.57;30097;5
6.05;-1.92;8.91;-0.23;-0.72;0.5;30098;5
5.99;-1.88;8.84;-0.33;-0.59;0.41;30099;6
5.99;-1.87;8.81;-0.4;-0.51;0.33;30100;5
6;-1.83;8.8;-0.46;-0.45;0.26;30101;5
6.01;-1.78;8.79;-0.5;-0.37;0.19;30102;5
6.01;-1.72;8.8;-0.54;-0.29;0.11;30103;5
5.97;-1.65;8.79;-0.57;-0.2;0.03;30104;5
5.9;-1.57;8.78;-0.59;-0.1;-0.04;30105;5
5.77;-1.51;8.73;-0.61;-0.01;-0.12;30106;5
5.65;-1.47;8.65;-0.62;0.07;-0.18;30107;5
5.52;-1.44;8.58;-0.63;0.15;-0.24;30108;5
5.36;-1.41;8.46;-0.64;0.2;-0.28;30109;5
5.26;-1.42;8.36;-0.65;0.24;-0.33;30110;5
5.26;-1.42;8.31;-0.66;0.27;-0.35;30111;4
5.31;-1.42;8.31;-0.67;0.33;-0.39;30112;5
5.37;-1.44;8.31;-0.7;0.43;-0.43;30113;6
5.42;-1.46;8.29;-0.72;0.53;-0.47;30114;5
5.46;-1.49;8.27;-0.76;0.64;-0.51;30115;5
5.46;-1.52;8.26;-0.8;0.76;-0.55;30116;5
5.44;-1.58;8.25;-0.84;0.87;-0.59;30117;5
5.44;-1.64;8.25;-0.89;0.98;-0.63;30118;5
5.46;-1.7;8.25;-0.95;1.09;-0.67;30119;5
5.48;-1.76;8.27;-0.99;1.18;-0.71;30120;4
5.5;-1.82;8.31;-1.04;1.27;-0.74;30121;4
5.51;-1.88;8.35;-1.09;1.36;-0.78;30122;4
5.53;-1.95;8.43;-1.15;1.47;-0.82;30123;5
5.5;-2;8.53;-1.21;1.58;-0.86;30124;5
5.43;-2.04;8.64;-1.25;1.67;-0.9;30125;4
5.21;-2.1;8.87;-1.32;1.78;-0.96;30126;6
5.02;-2.12;9.03;-1.35;1.84;-1;30127;4
4.8;-2.15;9.18;-1.38;1.9;-1.03;30128;4
3.17;-3.05;10.01;-0.77;2.12;-0.92;30129;52
3.19;-3.14;10;-0.66;2.13;-0.88;30130;5
3.18;-3.26;9.95;-0.53;2.14;-0.84;30131;6
3.14;-3.36;9.88;-0.43;2.13;-0.81;30132;5
3.12;-3.45;9.82;-0.34;2.1;-0.78;30133;5
3.12;-3.52;9.76;-0.26;2.06;-0.76;30134;5
3.15;-3.56;9.72;-0.19;2.02;-0.74;30135;5
3.18;-3.56;9.69;-0.14;1.98;-0.73;30136;5
3.2;-3.54;9.68;-0.09;1.97;-0.71;30137;5
3.16;-3.5;9.67;-0.06;1.98;-0.71;30138;6
3.05;-3.45;9.67;-0.04;2;-0.7;30139;5
2.88;-3.4;9.64;-0.03;2.02;-0.71;30140;5
2.7;-3.34;9.6;-0.02;2.02;-0.71;30141;5
2.53;-3.28;9.57;-0.02;1.98;-0.71;30142;5
2.39;-3.23;9.53;-0.02;1.91;-0.7;30143;5
2.28;-3.21;9.51;-0.02;1.81;-0.69;30144;5
2.2;-3.21;9.49;-0.02;1.68;-0.68;30145;5
2.11;-3.25;9.49;-0.02;1.54;-0.65;30146;5
2.03;-3.31;9.49;-0.02;1.41;-0.63;30147;5
1.95;-3.36;9.48;-0.01;1.3;-0.6;30148;5
1.86;-3.4;9.48;-0.01;1.19;-0.58;30149;5
1.78;-3.41;9.47;-0.01;1.1;-0.55;30150;5
1.73;-3.4;9.5;0;1.02;-0.51;30151;5
1.7;-3.37;9.55;0;0.95;-0.48;30152;5
1.69;-3.31;9.61;0;0.9;-0.44;30153;5
1.66;-3.24;9.66;0;0.87;-0.4;30154;5
1.61;-3.16;9.69;0;0.85;-0.36;30155;5
1.54;-3.08;9.71;-0.01;0.84;-0.32;30156;5
1.47;-2.99;9.71;-0.01;0.82;-0.28;30157;5
1.4;-2.91;9.69;-0.02;0.8;-0.24;30158;5
1.34;-2.84;9.67;-0.03;0.78;-0.2;30159;5
1.3;-2.8;9.66;-0.03;0.75;-0.16;30160;5
1.27;-2.77;9.64;-0.04;0.71;-0.12;30161;5
1.27;-2.74;9.64;-0.04;0.68;-0.08;30162;5
1.3;-2.71;9.66;-0.05;0.65;-0.05;30163;5
1.35;-2.69;9.71;-0.05;0.63;-0.02;30164;5
1.39;-2.67;9.74;-0.05;0.64;0.01;30165;5
1.4;-2.66;9.76;-0.06;0.66;0.03;30166;5
1.38;-2.68;9.76;-0.06;0.69;0.04;30167;5
1.35;-2.71;9.75;-0.07;0.72;0.05;30168;5
1.3;-2.74;9.73;-0.07;0.75;0.06;30169;5
1.24;-2.76;9.72;-0.08;0.77;0.06;30170;5
1.17;-2.77;9.7;-0.08;0.79;0.06;30171;5
1.11;-2.77;9.69;-0.08;0.8;0.06;30172;5
1.07;-2.77;9.69;-0.08;0.79;0.06;30173;5
1.05;-2.75;9.73;-0.08;0.8;0.06;30174;5
1.03;-2.74;9.76;-0.08;0.8;0.06;30175;5
1;-2.72;9.78;-0.08;0.81;0.07;30176;4
0.96;-2.71;9.79;-0.09;0.81;0.07;30177;4
0.9;-2.71;9.8;-0.09;0.82;0.08;30178;5
0.84;-2.71;9.79;-0.09;0.82;0.09;30179;5
0.77;-2.72;9.75;-0.09;0.82;0.1;30180;5
0.72;-2.73;9.71;-0.09;0.81;0.11;30181;4
0.67;-2.74;9.66;-0.09;0.78;0.12;30182;4
0.63;-2.77;9.61;-0.08;0.74;0.12;30183;4
0.6;-2.8;9.55;-0.08;0.69;0.13;30184;4
0.57;-2.84;9.5;-0.07;0.63;0.13;30185;4
0.56;-2.89;9.45;-0.06;0.57;0.13;30186;4
0.55;-2.94;9.4;-0.05;0.49;0.13;30187;4
0.54;-2.98;9.36;-0.04;0.4;0.13;30188;4
0.83;-2.75;10.14;-0.03;-0.56;0.33;30189;59
0.83;-2.64;10.16;-0.05;-0.44;0.36;30190;5
0.81;-2.55;10.11;-0.06;-0.34;0.38;30191;5
0.79;-2.51;10.05;-0.06;-0.28;0.4;30192;4
0.76;-2.48;9.95;-0.05;-0.21;0.42;30193;6
0.75;-2.47;9.87;-0.03;-0.17;0.43;30194;5
0.75;-2.48;9.82;-0.01;-0.15;0.44;30195;5
0.79;-2.49;9.79;0.03;-0.14;0.44;30196;5
0.82;-2.49;9.79;0.04;-0.13;0.43;30197;4
0.88;-2.49;9.81;0.08;-0.12;0.42;30198;5
0.96;-2.51;9.84;0.13;-0.1;0.4;30199;7
1.02;-2.53;9.84;0.16;-0.09;0.37;30200;5
1.08;-2.56;9.84;0.19;-0.08;0.35;30201;5
1.14;-2.61;9.83;0.21;-0.07;0.32;30202;5
1.19;-2.65;9.82;0.23;-0.05;0.28;30203;5
1.23;-2.69;9.82;0.25;-0.02;0.24;30204;6
1.23;-2.7;9.81;0.26;0.01;0.2;30205;5
1.22;-2.7;9.8;0.27;0.04;0.17;30206;4
1.21;-2.7;9.8;0.27;0.07;0.14;30207;4
1.19;-2.7;9.79;0.28;0.11;0.11;30208;5
1.15;-2.69;9.79;0.28;0.15;0.07;30209;5
1.11;-2.69;9.78;0.28;0.19;0.04;30210;5
1.08;-2.69;9.78;0.28;0.23;0.02;30211;4
1.05;-2.68;9.79;0.28;0.26;0;30212;4
0.99;-2.67;9.8;0.27;0.32;-0.03;30213;7
0.95;-2.66;9.8;0.27;0.35;-0.04;30214;4
0.92;-2.64;9.79;0.27;0.39;-0.06;30215;5
0.89;-2.62;9.75;0.27;0.42;-0.07;30216;4
0.86;-2.59;9.72;0.27;0.44;-0.07;30217;5
0.81;-2.56;9.64;0.27;0.47;-0.07;30218;7
0.78;-2.53;9.59;0.26;0.48;-0.07;30219;5
0.75;-2.5;9.52;0.26;0.49;-0.07;30220;5
0.74;-2.46;9.47;0.25;0.48;-0.06;30221;5
0.73;-2.41;9.41;0.23;0.47;-0.05;30222;6
0.71;-2.36;9.37;0.22;0.47;-0.04;30223;5
0.68;-2.32;9.34;0.19;0.48;-0.03;30224;5
0.66;-2.27;9.33;0.17;0.49;-0.01;30225;5
0.63;-2.24;9.29;0.14;0.52;0;30226;5
0.59;-2.23;9.24;0.12;0.56;0.01;30227;5
0.51;-2.25;9.2;0.11;0.61;0.02;30228;5
0.38;-2.29;9.16;0.1;0.65;0.01;30229;5
0.24;-2.34;9.16;0.11;0.68;0;30230;5
0.07;-2.34;9.2;0.12;0.68;-0.02;30231;5
-0.08;-2.31;9.26;0.15;0.66;-0.04;30232;5
-0.19;-2.26;9.34;0.18;0.63;-0.08;30233;5
-0.26;-2.21;9.45;0.21;0.59;-0.12;30234;5
-0.26;-2.17;9.54;0.24;0.56;-0.16;30235;4
-0.22;-2.16;9.63;0.27;0.53;-0.21;30236;5
-0.14;-2.18;9.74;0.3;0.53;-0.26;30237;5
-0.05;-2.21;9.82;0.33;0.53;-0.31;30238;5
0.03;-2.26;9.89;0.36;0.56;-0.36;30239;5
0.08;-2.3;9.93;0.39;0.58;-0.39;30240;4
0.12;-2.34;9.95;0.41;0.6;-0.42;30241;4
0.15;-2.38;9.94;0.43;0.61;-0.45;30242;4
0.17;-2.42;9.91;0.46;0.61;-0.47;30243;5
0.17;-2.45;9.88;0.49;0.61;-0.48;30244;5
0.15;-2.46;9.85;0.51;0.58;-0.49;30245;5
0.11;-2.47;9.82;0.53;0.56;-0.49;30246;5
0.08;-2.48;9.78;0.55;0.52;-0.48;30247;5
0.05;-2.47;9.74;0.56;0.5;-0.47;30248;4
0.01;-2.45;9.7;0.58;0.48;-0.44;30249;5
-0.06;-2.43;9.68;0.6;0.46;-0.42;30250;5
-0.14;-2.43;9.69;0.62;0.44;-0.39;30251;5
-0.2;-2.43;9.72;0.64;0.41;-0.37;30252;5
-0.22;-2.43;9.78;0.67;0.39;-0.35;30253;5
-0.2;-2.43;9.86;0.7;0.36;-0.33;30254;5
-0.16;-2.41;9.95;0.72;0.34;-0.31;30255;5
-0.11;-2.4;10.02;0.74;0.33;-0.3;30256;4
-0.03;-2.36;10.11;0.76;0.32;-0.28;30257;6
0.03;-2.32;10.16;0.77;0.32;-0.27;30258;5
0.07;-2.27;10.19;0.77;0.31;-0.26;30259;5
0.08;-2.22;10.21;0.76;0.29;-0.25;30260;5
